countryOfSale,label,product,uri,upc,ean,isrc,title,author,composer,album,quantity,revenueTotal
DE,Rocking Records!,A,spotify:track:0005ucELVAjPuvKNsqR1XE,4250137264165,,DEOK41100074,Struggles of a Working Man,Joker Face,Julian Paul Wörndle,On the Road Again,8,0.01000246371
GB,Rocking Records!,PDIB,spotify:track:0005ucELVAjPuvKNsqR1XE,4250137264165,,DEOK41100074,Struggles of a Working Man,Joker Face,Julian Paul Wörndle,On the Road Again,1,0.008670005946
CL,Rocking Records!,A,spotify:track:0005ucELVAjPuvKNsqR1XE,4250137264165,,DEOK41100074,Struggles of a Working Man,Joker Face,Julian Paul Wörndle,On the Road Again,2,0.0002503585965
DE,Rocking Records!,PDS,spotify:track:0005ucELVAjPuvKNsqR1XE,4250137264165,,DEOK41100074,Struggles of a Working Man,Joker Face,Julian Paul Wörndle,On the Road Again,4,0.01093258679
MX,Rocking Records!,FAM6,spotify:track:0005ucELVAjPuvKNsqR1XE,4250137264165,,DEOK41100074,Struggles of a Working Man,Joker Face,Julian Paul Wörndle,On the Road Again,3,0.003746014609
MX,Rocking Records!,A,spotify:track:0005ucELVAjPuvKNsqR1XE,4250137264165,,DEOK41100074,Struggles of a Working Man,Joker Face,Julian Paul Wörndle,On the Road Again,1,0.0004678242659
IT,Rocking Records!,A,spotify:track:0005ucELVAjPuvKNsqR1XE,4250137264165,,DEOK41100074,Struggles of a Working Man,Joker Face,Julian Paul Wörndle,On the Road Again,2,0.001042593057
IT,Rocking Records!,P,spotify:track:0005ucELVAjPuvKNsqR1XE,4250137264165,,DEOK41100074,Struggles of a Working Man,Joker Face,Julian Paul Wörndle,On the Road Again,4,0.02911557658
US,Rocking Records!,PDS,spotify:track:0005ucELVAjPuvKNsqR1XE,4250137264165,,DEOK41100074,Struggles of a Working Man,Joker Face,Julian Paul Wörndle,On the Road Again,1,0.002506359256
US,Rocking Records!,FAM6,spotify:track:0005ucELVAjPuvKNsqR1XE,4250137264165,,DEOK41100074,Struggles of a Working Man,Joker Face,Julian Paul Wörndle,On the Road Again,2,0.006513320906
IT,Rocking Records!,FAM6,spotify:track:0005ucELVAjPuvKNsqR1XE,4250137264165,,DEOK41100074,Struggles of a Working Man,Joker Face,Julian Paul Wörndle,On the Road Again,10,0.03172932588
DE,Rocking Records!,FAM6,spotify:track:0005ucELVAjPuvKNsqR1XE,4250137264165,,DEOK41100074,Struggles of a Working Man,Joker Face,Julian Paul Wörndle,On the Road Again,25,0.07841979665
DE,Rocking Records!,P,spotify:track:0005ucELVAjPuvKNsqR1XE,4250137264165,,DEOK41100074,Struggles of a Working Man,Joker Face,Julian Paul Wörndle,On the Road Again,7,0.04171890063
GB,Rocking Records!,FAM6,spotify:track:0005ucELVAjPuvKNsqR1XE,4250137264165,,DEOK41100074,Struggles of a Working Man,Joker Face,Julian Paul Wörndle,On the Road Again,1,0.004609352523
CH,Rocking Records!,A,spotify:track:0005ucELVAjPuvKNsqR1XE,4250137264165,,DEOK41100074,Struggles of a Working Man,Joker Face,Julian Paul Wörndle,On the Road Again,1,0.0004003747021
US,Rocking Records!,A,spotify:track:0005ucELVAjPuvKNsqR1XE,4250137264165,,DEOK41100074,Struggles of a Working Man,Joker Face,Julian Paul Wörndle,On the Road Again,1,0.001978838713
US,Rocking Records!,P,spotify:track:0005ucELVAjPuvKNsqR1XE,4250137264165,,DEOK41100074,Struggles of a Working Man,Joker Face,Julian Paul Wörndle,On the Road Again,1,0.005935591494
AR,Rocking Records!,P,spotify:track:0005ucELVAjPuvKNsqR1XE,4250137264165,,DEOK41100074,Struggles of a Working Man,Joker Face,Julian Paul Wörndle,On the Road Again,1,0.003320769117
ES,Rocking Records!,FAM6,spotify:track:0005ucELVAjPuvKNsqR1XE,4250137264165,,DEOK41100074,Struggles of a Working Man,Joker Face,Julian Paul Wörndle,On the Road Again,1,0.003123336694
BR,Rocking Records!,P,spotify:track:0005ucELVAjPuvKNsqR1XE,4250137264165,,DEOK41100074,Struggles of a Working Man,Joker Face,Julian Paul Wörndle,On the Road Again,1,0.00412279777
GB,Rocking Records!,P,spotify:track:0005ucELVAjPuvKNsqR1XE,4250137264165,,DEOK41100074,Struggles of a Working Man,Joker Face,Julian Paul Wörndle,On the Road Again,1,0.007865223248
MY,Rocking Records!,A,spotify:track:0005ucELVAjPuvKNsqR1XE,4250137264165,,DEOK41100074,Struggles of a Working Man,Joker Face,Julian Paul Wörndle,On the Road Again,2,0.0002826442849
CH,Rocking Records!,P,spotify:track:0005ucELVAjPuvKNsqR1XE,4250137264165,,DEOK41100074,Struggles of a Working Man,Joker Face,Julian Paul Wörndle,On the Road Again,1,0.008371639899
AT,Rocking Records!,A,spotify:track:0005ucELVAjPuvKNsqR1XE,4250137264165,,DEOK41100074,Struggles of a Working Man,Joker Face,Julian Paul Wörndle,On the Road Again,22,0.007236463108
BR,TOCA-Records,A,spotify:track:0009z72fsd1NVlhU8yh12B,,4035177120219,DER640900833,Canto Da Vida,"Paulo Matrico, menino",N/A,Maria Pereira,1,0.0002821447694
BR,TOCA-Records,P,spotify:track:0009z72fsd1NVlhU8yh12B,,4035177120219,DER640900833,Canto Da Vida,"Paulo Matrico, menino",N/A,Maria Pereira,2,0.008245595539
BR,TOCA-Records,FAM6,spotify:track:0009z72fsd1NVlhU8yh12B,,4035177120219,DER640900833,Canto Da Vida,"Paulo Matrico, menino",N/A,Maria Pereira,5,0.01077051416
IT,"Diamond Records, Inc.",P,spotify:track:000QXahPr9eVWAtCocMcru,825049510897,,USESK1601516,Cow Cow Boogie,Ella Mae Morse,Gene DePaul Berry Carter Don Raye,Ella Mae Morse at Her Best,2,0.01455778829
SE,"Diamond Records, Inc.",P,spotify:track:000QXahPr9eVWAtCocMcru,825049510897,,USESK1601516,Cow Cow Boogie,Ella Mae Morse,Gene DePaul Berry Carter Don Raye,Ella Mae Morse at Her Best,2,0.01372049149
DE,"Diamond Records, Inc.",FAM6,spotify:track:000QXahPr9eVWAtCocMcru,825049510897,,USESK1601516,Cow Cow Boogie,Ella Mae Morse,Gene DePaul Berry Carter Don Raye,Ella Mae Morse at Her Best,1,0.003136791866
MX,"Diamond Records, Inc.",MSSA,spotify:track:000QXahPr9eVWAtCocMcru,825049510897,,USESK1601516,Cow Cow Boogie,Ella Mae Morse,Gene DePaul Berry Carter Don Raye,Ella Mae Morse at Her Best,1,0.003437900144
DE,"Diamond Records, Inc.",P,spotify:track:000QXahPr9eVWAtCocMcru,825049510897,,USESK1601516,Cow Cow Boogie,Ella Mae Morse,Gene DePaul Berry Carter Don Raye,Ella Mae Morse at Her Best,3,0.01787952884
BR,"Diamond Records, Inc.",FAM6,spotify:track:000QXahPr9eVWAtCocMcru,825049510897,,USESK1601516,Cow Cow Boogie,Ella Mae Morse,Gene DePaul Berry Carter Don Raye,Ella Mae Morse at Her Best,1,0.002154102832
GB,"Diamond Records, Inc.",PDS,spotify:track:000QXahPr9eVWAtCocMcru,825049510897,,USESK1601516,Cow Cow Boogie,Ella Mae Morse,Gene DePaul Berry Carter Don Raye,Ella Mae Morse at Her Best,2,0.006047229003
DK,"Diamond Records, Inc.",P,spotify:track:000QXahPr9eVWAtCocMcru,825049510897,,USESK1601516,Cow Cow Boogie,Ella Mae Morse,Gene DePaul Berry Carter Don Raye,Ella Mae Morse at Her Best,1,0.008505172301
AU,"Diamond Records, Inc.",A,spotify:track:000QXahPr9eVWAtCocMcru,825049510897,,USESK1601516,Cow Cow Boogie,Ella Mae Morse,Gene DePaul Berry Carter Don Raye,Ella Mae Morse at Her Best,2,0.003742064051
US,"Diamond Records, Inc.",FAM6,spotify:track:000QXahPr9eVWAtCocMcru,825049510897,,USESK1601516,Cow Cow Boogie,Ella Mae Morse,Gene DePaul Berry Carter Don Raye,Ella Mae Morse at Her Best,21,0.06838986952
GB,"Diamond Records, Inc.",FAM6,spotify:track:000QXahPr9eVWAtCocMcru,825049510897,,USESK1601516,Cow Cow Boogie,Ella Mae Morse,Gene DePaul Berry Carter Don Raye,Ella Mae Morse at Her Best,3,0.01382805757
CA,"Diamond Records, Inc.",P,spotify:track:000QXahPr9eVWAtCocMcru,825049510897,,USESK1601516,Cow Cow Boogie,Ella Mae Morse,Gene DePaul Berry Carter Don Raye,Ella Mae Morse at Her Best,2,0.009397311764
BE,"Diamond Records, Inc.",PDSNEI,spotify:track:000QXahPr9eVWAtCocMcru,825049510897,,USESK1601516,Cow Cow Boogie,Ella Mae Morse,Gene DePaul Berry Carter Don Raye,Ella Mae Morse at Her Best,6,0.04409310946
NL,"Diamond Records, Inc.",KHB,spotify:track:000QXahPr9eVWAtCocMcru,825049510897,,USESK1601516,Cow Cow Boogie,Ella Mae Morse,Gene DePaul Berry Carter Don Raye,Ella Mae Morse at Her Best,1,0.004725488147
ES,"Diamond Records, Inc.",FAM6,spotify:track:000QXahPr9eVWAtCocMcru,825049510897,,USESK1601516,Cow Cow Boogie,Ella Mae Morse,Gene DePaul Berry Carter Don Raye,Ella Mae Morse at Her Best,1,0.003123336694
CA,"Diamond Records, Inc.",A,spotify:track:000QXahPr9eVWAtCocMcru,825049510897,,USESK1601516,Cow Cow Boogie,Ella Mae Morse,Gene DePaul Berry Carter Don Raye,Ella Mae Morse at Her Best,1,0.001408081889
US,"Diamond Records, Inc.",A,spotify:track:000QXahPr9eVWAtCocMcru,825049510897,,USESK1601516,Cow Cow Boogie,Ella Mae Morse,Gene DePaul Berry Carter Don Raye,Ella Mae Morse at Her Best,5,0.009894193564
IT,"Diamond Records, Inc.",A,spotify:track:000QXahPr9eVWAtCocMcru,825049510897,,USESK1601516,Cow Cow Boogie,Ella Mae Morse,Gene DePaul Berry Carter Don Raye,Ella Mae Morse at Her Best,2,0.001042593057
NO,"Diamond Records, Inc.",TSA,spotify:track:000QXahPr9eVWAtCocMcru,825049510897,,USESK1601516,Cow Cow Boogie,Ella Mae Morse,Gene DePaul Berry Carter Don Raye,Ella Mae Morse at Her Best,1,0.006564037682
US,"Diamond Records, Inc.",PDS,spotify:track:000QXahPr9eVWAtCocMcru,825049510897,,USESK1601516,Cow Cow Boogie,Ella Mae Morse,Gene DePaul Berry Carter Don Raye,Ella Mae Morse at Her Best,9,0.02255723331
AU,"Diamond Records, Inc.",P,spotify:track:000QXahPr9eVWAtCocMcru,825049510897,,USESK1601516,Cow Cow Boogie,Ella Mae Morse,Gene DePaul Berry Carter Don Raye,Ella Mae Morse at Her Best,5,0.02713574447
ES,"Diamond Records, Inc.",A,spotify:track:000QXahPr9eVWAtCocMcru,825049510897,,USESK1601516,Cow Cow Boogie,Ella Mae Morse,Gene DePaul Berry Carter Don Raye,Ella Mae Morse at Her Best,1,0.0003062415596
GB,"Diamond Records, Inc.",P,spotify:track:000QXahPr9eVWAtCocMcru,825049510897,,USESK1601516,Cow Cow Boogie,Ella Mae Morse,Gene DePaul Berry Carter Don Raye,Ella Mae Morse at Her Best,7,0.05505656274
CA,"Diamond Records, Inc.",ROG-MWA,spotify:track:000QXahPr9eVWAtCocMcru,825049510897,,USESK1601516,Cow Cow Boogie,Ella Mae Morse,Gene DePaul Berry Carter Don Raye,Ella Mae Morse at Her Best,2,0.009136702366
PL,"Diamond Records, Inc.",P,spotify:track:000QXahPr9eVWAtCocMcru,825049510897,,USESK1601516,Cow Cow Boogie,Ella Mae Morse,Gene DePaul Berry Carter Don Raye,Ella Mae Morse at Her Best,1,0.002987383848
US,"Diamond Records, Inc.",P,spotify:track:000QXahPr9eVWAtCocMcru,825049510897,,USESK1601516,Cow Cow Boogie,Ella Mae Morse,Gene DePaul Berry Carter Don Raye,Ella Mae Morse at Her Best,22,0.1305830129
IE,BT-Music,P,spotify:track:000b1r9O22PIRQM1Jn6M6Z,4051569212829,,DEE701303192,Perfunieren,"Rolf Herricht, Hans-Joachim Preil",--,Komiker- Parade: Folge 5 (Originalaufnahmen 1957 - 1972),1,0.008019019755
NZ,BT-Music,TCOM2SA,spotify:track:000b1r9O22PIRQM1Jn6M6Z,4051569212829,,DEE701303192,Perfunieren,"Rolf Herricht, Hans-Joachim Preil",--,Komiker- Parade: Folge 5 (Originalaufnahmen 1957 - 1972),1,0.008010056124
FR,BT-Music,A,spotify:track:000b1r9O22PIRQM1Jn6M6Z,4051569212829,,DEE701303192,Perfunieren,"Rolf Herricht, Hans-Joachim Preil",--,Komiker- Parade: Folge 5 (Originalaufnahmen 1957 - 1972),2,0.00125776384
DE,BT-Music,P,spotify:track:000b1r9O22PIRQM1Jn6M6Z,4051569212829,,DEE701303192,Perfunieren,"Rolf Herricht, Hans-Joachim Preil",--,Komiker- Parade: Folge 5 (Originalaufnahmen 1957 - 1972),50,0.2979921474
DE,BT-Music,PDS,spotify:track:000b1r9O22PIRQM1Jn6M6Z,4051569212829,,DEE701303192,Perfunieren,"Rolf Herricht, Hans-Joachim Preil",--,Komiker- Parade: Folge 5 (Originalaufnahmen 1957 - 1972),1,0.002733146697
CH,BT-Music,P,spotify:track:000b1r9O22PIRQM1Jn6M6Z,4051569212829,,DEE701303192,Perfunieren,"Rolf Herricht, Hans-Joachim Preil",--,Komiker- Parade: Folge 5 (Originalaufnahmen 1957 - 1972),2,0.0167432798
DE,BT-Music,FAM6,spotify:track:000b1r9O22PIRQM1Jn6M6Z,4051569212829,,DEE701303192,Perfunieren,"Rolf Herricht, Hans-Joachim Preil",--,Komiker- Parade: Folge 5 (Originalaufnahmen 1957 - 1972),65,0.2038914713
CH,BT-Music,FAM6,spotify:track:000b1r9O22PIRQM1Jn6M6Z,4051569212829,,DEE701303192,Perfunieren,"Rolf Herricht, Hans-Joachim Preil",--,Komiker- Parade: Folge 5 (Originalaufnahmen 1957 - 1972),2,0.008521238225
DE,BT-Music,DTSA,spotify:track:000b1r9O22PIRQM1Jn6M6Z,4051569212829,,DEE701303192,Perfunieren,"Rolf Herricht, Hans-Joachim Preil",--,Komiker- Parade: Folge 5 (Originalaufnahmen 1957 - 1972),7,0.04654734628
SE,BT-Music,P,spotify:track:000b1r9O22PIRQM1Jn6M6Z,4051569212829,,DEE701303192,Perfunieren,"Rolf Herricht, Hans-Joachim Preil",--,Komiker- Parade: Folge 5 (Originalaufnahmen 1957 - 1972),2,0.01372049149
IT,BT-Music,P,spotify:track:000b1r9O22PIRQM1Jn6M6Z,4051569212829,,DEE701303192,Perfunieren,"Rolf Herricht, Hans-Joachim Preil",--,Komiker- Parade: Folge 5 (Originalaufnahmen 1957 - 1972),1,0.007278894145
DE,BT-Music,A,spotify:track:000b1r9O22PIRQM1Jn6M6Z,4051569212829,,DEE701303192,Perfunieren,"Rolf Herricht, Hans-Joachim Preil",--,Komiker- Parade: Folge 5 (Originalaufnahmen 1957 - 1972),13,0.01625400352
DE,BT-Music,DHB,spotify:track:000b1r9O22PIRQM1Jn6M6Z,4051569212829,,DEE701303192,Perfunieren,"Rolf Herricht, Hans-Joachim Preil",--,Komiker- Parade: Folge 5 (Originalaufnahmen 1957 - 1972),2,0.01709348852
DE,BT-Music,PDIB,spotify:track:000b1r9O22PIRQM1Jn6M6Z,4051569212829,,DEE701303192,Perfunieren,"Rolf Herricht, Hans-Joachim Preil",--,Komiker- Parade: Folge 5 (Originalaufnahmen 1957 - 1972),9,0.04372291755
PL,Blue Pearls Music,A,spotify:track:0011yBpUQQeh5JuOD3tEpu,,4047179038027,DEDK10901005,Hand Up,Muriel Zoe,N/A,Flood,1,0.0005879040553
FR,Blue Pearls Music,P,spotify:track:0011yBpUQQeh5JuOD3tEpu,,4047179038027,DEDK10901005,Hand Up,Muriel Zoe,N/A,Flood,7,0.04354007066
ES,Blue Pearls Music,P,spotify:track:0011yBpUQQeh5JuOD3tEpu,,4047179038027,DEDK10901005,Hand Up,Muriel Zoe,N/A,Flood,3,0.01927545062
DE,Blue Pearls Music,P,spotify:track:0011yBpUQQeh5JuOD3tEpu,,4047179038027,DEDK10901005,Hand Up,Muriel Zoe,N/A,Flood,4,0.02383937179
DE,Blue Pearls Music,FAM6,spotify:track:0011yBpUQQeh5JuOD3tEpu,,4047179038027,DEDK10901005,Hand Up,Muriel Zoe,N/A,Flood,1,0.003136791866
NL,Blue Pearls Music,FAM6,spotify:track:0011yBpUQQeh5JuOD3tEpu,,4047179038027,DEDK10901005,Hand Up,Muriel Zoe,N/A,Flood,2,0.006437975372
SE,Blue Pearls Music,FAM6,spotify:track:0011yBpUQQeh5JuOD3tEpu,,4047179038027,DEDK10901005,Hand Up,Muriel Zoe,N/A,Flood,2,0.008399368232
TR,Blue Pearls Music,FAM6,spotify:track:0011yBpUQQeh5JuOD3tEpu,,4047179038027,DEDK10901005,Hand Up,Muriel Zoe,N/A,Flood,3,0.003242563112
DE,Blue Pearls Music,A,spotify:track:0011yBpUQQeh5JuOD3tEpu,,4047179038027,DEDK10901005,Hand Up,Muriel Zoe,N/A,Flood,1,0.001250307963
EE,Umblu Records,P,spotify:track:0016JLSF8jp5Yo32KTfVgz,,4260166380781,USEVB3400030,Evil Fire Burnin,Kalm,N/A,Generalissimus,14,0.06561972518
EE,Umblu Records,TEESA,spotify:track:0016JLSF8jp5Yo32KTfVgz,,4260166380781,USEVB3400030,Evil Fire Burnin,Kalm,N/A,Generalissimus,1,0.005459422341
EE,Umblu Records,A,spotify:track:0016JLSF8jp5Yo32KTfVgz,,4260166380781,USEVB3400030,Evil Fire Burnin,Kalm,N/A,Generalissimus,1,0.00003741476806
DE,Ilian Tape,A,spotify:track:001AtqHBv2Pmnfkd4D1fDe,4044693784409,,DEOB61700308,Routine,Skee Mask,N/A,ISS002,134,0.1675412671
DE,Ilian Tape,PDIB,spotify:track:001AtqHBv2Pmnfkd4D1fDe,4044693784409,,DEOB61700308,Routine,Skee Mask,N/A,ISS002,6,0.0291486117
SG,Ilian Tape,P,spotify:track:001AtqHBv2Pmnfkd4D1fDe,4044693784409,,DEOB61700308,Routine,Skee Mask,N/A,ISS002,10,0.04796035208
CA,Ilian Tape,ROG-MWA,spotify:track:001AtqHBv2Pmnfkd4D1fDe,4044693784409,,DEOB61700308,Routine,Skee Mask,N/A,ISS002,6,0.0274101071
DK,Ilian Tape,P,spotify:track:001AtqHBv2Pmnfkd4D1fDe,4044693784409,,DEOB61700308,Routine,Skee Mask,N/A,ISS002,76,0.6463930948
CL,Ilian Tape,P,spotify:track:001AtqHBv2Pmnfkd4D1fDe,4044693784409,,DEOB61700308,Routine,Skee Mask,N/A,ISS002,2,0.007511837974
BR,Ilian Tape,A,spotify:track:001AtqHBv2Pmnfkd4D1fDe,4044693784409,,DEOB61700308,Routine,Skee Mask,N/A,ISS002,6,0.001692868617
SG,Ilian Tape,FAM6,spotify:track:001AtqHBv2Pmnfkd4D1fDe,4044693784409,,DEOB61700308,Routine,Skee Mask,N/A,ISS002,2,0.003750419667
SE,Ilian Tape,P,spotify:track:001AtqHBv2Pmnfkd4D1fDe,4044693784409,,DEOB61700308,Routine,Skee Mask,N/A,ISS002,397,2.72351756
EE,Ilian Tape,A,spotify:track:001AtqHBv2Pmnfkd4D1fDe,4044693784409,,DEOB61700308,Routine,Skee Mask,N/A,ISS002,6,0.0002244886083
NL,Ilian Tape,KSB,spotify:track:001AtqHBv2Pmnfkd4D1fDe,4044693784409,,DEOB61700308,Routine,Skee Mask,N/A,ISS002,15,0.06493959769
AT,Ilian Tape,FAM6,spotify:track:001AtqHBv2Pmnfkd4D1fDe,4044693784409,,DEOB61700308,Routine,Skee Mask,N/A,ISS002,7,0.02208567371
US,Ilian Tape,U,spotify:track:001AtqHBv2Pmnfkd4D1fDe,4044693784409,,DEOB61700308,Routine,Skee Mask,N/A,ISS002,2,0.007824072284
US,Ilian Tape,P,spotify:track:001AtqHBv2Pmnfkd4D1fDe,4044693784409,,DEOB61700308,Routine,Skee Mask,N/A,ISS002,1226,7.277035171
ID,Ilian Tape,P,spotify:track:001AtqHBv2Pmnfkd4D1fDe,4044693784409,,DEOB61700308,Routine,Skee Mask,N/A,ISS002,7,0.01727380656
CZ,Ilian Tape,PDIB,spotify:track:001AtqHBv2Pmnfkd4D1fDe,4044693784409,,DEOB61700308,Routine,Skee Mask,N/A,ISS002,4,0.02066673409
CZ,Ilian Tape,PDS,spotify:track:001AtqHBv2Pmnfkd4D1fDe,4044693784409,,DEOB61700308,Routine,Skee Mask,N/A,ISS002,11,0.01904412279
GB,Ilian Tape,PDSNEI,spotify:track:001AtqHBv2Pmnfkd4D1fDe,4044693784409,,DEOB61700308,Routine,Skee Mask,N/A,ISS002,4,0.03244962354
AU,Ilian Tape,P,spotify:track:001AtqHBv2Pmnfkd4D1fDe,4044693784409,,DEOB61700308,Routine,Skee Mask,N/A,ISS002,478,2.594177171
BE,Ilian Tape,FAM6,spotify:track:001AtqHBv2Pmnfkd4D1fDe,4044693784409,,DEOB61700308,Routine,Skee Mask,N/A,ISS002,72,0.2746617713
CA,Ilian Tape,P,spotify:track:001AtqHBv2Pmnfkd4D1fDe,4044693784409,,DEOB61700308,Routine,Skee Mask,N/A,ISS002,101,0.4745642441
IT,Ilian Tape,PDS,spotify:track:001AtqHBv2Pmnfkd4D1fDe,4044693784409,,DEOB61700308,Routine,Skee Mask,N/A,ISS002,2,0.006440245034
NO,Ilian Tape,FAM6,spotify:track:001AtqHBv2Pmnfkd4D1fDe,4044693784409,,DEOB61700308,Routine,Skee Mask,N/A,ISS002,22,0.09505980536
NO,Ilian Tape,PDS,spotify:track:001AtqHBv2Pmnfkd4D1fDe,4044693784409,,DEOB61700308,Routine,Skee Mask,N/A,ISS002,1,0.002442235791
GB,Ilian Tape,PDIBB,spotify:track:001AtqHBv2Pmnfkd4D1fDe,4044693784409,,DEOB61700308,Routine,Skee Mask,N/A,ISS002,93,0.8591291564
NZ,Ilian Tape,A,spotify:track:001AtqHBv2Pmnfkd4D1fDe,4044693784409,,DEOB61700308,Routine,Skee Mask,N/A,ISS002,14,0.01347233873
FR,Ilian Tape,BOUYGUES-SA,spotify:track:001AtqHBv2Pmnfkd4D1fDe,4044693784409,,DEOB61700308,Routine,Skee Mask,N/A,ISS002,1,0.00624041036
MY,Ilian Tape,MSA,spotify:track:001AtqHBv2Pmnfkd4D1fDe,4044693784409,,DEOB61700308,Routine,Skee Mask,N/A,ISS002,1,0.002563097481
DE,Ilian Tape,PDSE,spotify:track:001AtqHBv2Pmnfkd4D1fDe,4044693784409,,DEOB61700308,Routine,Skee Mask,N/A,ISS002,1,0.003030006755
GR,Ilian Tape,FAM6,spotify:track:001AtqHBv2Pmnfkd4D1fDe,4044693784409,,DEOB61700308,Routine,Skee Mask,N/A,ISS002,1,0.002207577437
BR,Ilian Tape,P,spotify:track:001AtqHBv2Pmnfkd4D1fDe,4044693784409,,DEOB61700308,Routine,Skee Mask,N/A,ISS002,11,0.04535077547
NZ,Ilian Tape,P,spotify:track:001AtqHBv2Pmnfkd4D1fDe,4044693784409,,DEOB61700308,Routine,Skee Mask,N/A,ISS002,32,0.1828835367
JP,Ilian Tape,PDIB,spotify:track:001AtqHBv2Pmnfkd4D1fDe,4044693784409,,DEOB61700308,Routine,Skee Mask,N/A,ISS002,16,0.1124547728
DK,Ilian Tape,PDS,spotify:track:001AtqHBv2Pmnfkd4D1fDe,4044693784409,,DEOB61700308,Routine,Skee Mask,N/A,ISS002,11,0.03843402569
ES,Ilian Tape,P,spotify:track:001AtqHBv2Pmnfkd4D1fDe,4044693784409,,DEOB61700308,Routine,Skee Mask,N/A,ISS002,68,0.4369102142
IS,Ilian Tape,A,spotify:track:001AtqHBv2Pmnfkd4D1fDe,4044693784409,,DEOB61700308,Routine,Skee Mask,N/A,ISS002,1,0.0001251216841
MT,Ilian Tape,A,spotify:track:001AtqHBv2Pmnfkd4D1fDe,4044693784409,,DEOB61700308,Routine,Skee Mask,N/A,ISS002,2,4.28E-07
BR,Ilian Tape,PDLS6,spotify:track:001AtqHBv2Pmnfkd4D1fDe,4044693784409,,DEOB61700308,Routine,Skee Mask,N/A,ISS002,2,0.00610646138
PL,Ilian Tape,PDLS12,spotify:track:001AtqHBv2Pmnfkd4D1fDe,4044693784409,,DEOB61700308,Routine,Skee Mask,N/A,ISS002,2,0.00498566328
AU,Ilian Tape,A,spotify:track:001AtqHBv2Pmnfkd4D1fDe,4044693784409,,DEOB61700308,Routine,Skee Mask,N/A,ISS002,26,0.04864683266
NL,Ilian Tape,FAM6,spotify:track:001AtqHBv2Pmnfkd4D1fDe,4044693784409,,DEOB61700308,Routine,Skee Mask,N/A,ISS002,235,0.7564621062
ES,Ilian Tape,VFSA,spotify:track:001AtqHBv2Pmnfkd4D1fDe,4044693784409,,DEOB61700308,Routine,Skee Mask,N/A,ISS002,1,0.008957413065
SE,Ilian Tape,TSBN,spotify:track:001AtqHBv2Pmnfkd4D1fDe,4044693784409,,DEOB61700308,Routine,Skee Mask,N/A,ISS002,1,0.00871381613
IE,Ilian Tape,PDS,spotify:track:001AtqHBv2Pmnfkd4D1fDe,4044693784409,,DEOB61700308,Routine,Skee Mask,N/A,ISS002,5,0.01480199221
BE,Ilian Tape,U,spotify:track:001AtqHBv2Pmnfkd4D1fDe,4044693784409,,DEOB61700308,Routine,Skee Mask,N/A,ISS002,1,0.004382503911
BE,Ilian Tape,P,spotify:track:001AtqHBv2Pmnfkd4D1fDe,4044693784409,,DEOB61700308,Routine,Skee Mask,N/A,ISS002,46,0.3313007778
AR,Ilian Tape,P,spotify:track:001AtqHBv2Pmnfkd4D1fDe,4044693784409,,DEOB61700308,Routine,Skee Mask,N/A,ISS002,12,0.03984922941
AR,Ilian Tape,FAM6,spotify:track:001AtqHBv2Pmnfkd4D1fDe,4044693784409,,DEOB61700308,Routine,Skee Mask,N/A,ISS002,6,0.01001160406
GR,Ilian Tape,CHB,spotify:track:001AtqHBv2Pmnfkd4D1fDe,4044693784409,,DEOB61700308,Routine,Skee Mask,N/A,ISS002,1,0.007228309117
DE,Ilian Tape,PDS,spotify:track:001AtqHBv2Pmnfkd4D1fDe,4044693784409,,DEOB61700308,Routine,Skee Mask,N/A,ISS002,110,0.3006461366
IE,Ilian Tape,VFSB,spotify:track:001AtqHBv2Pmnfkd4D1fDe,4044693784409,,DEOB61700308,Routine,Skee Mask,N/A,ISS002,17,0.07642609198
SE,Ilian Tape,TSA,spotify:track:001AtqHBv2Pmnfkd4D1fDe,4044693784409,,DEOB61700308,Routine,Skee Mask,N/A,ISS002,38,0.2952016274
ES,Ilian Tape,A,spotify:track:001AtqHBv2Pmnfkd4D1fDe,4044693784409,,DEOB61700308,Routine,Skee Mask,N/A,ISS002,67,0.02051818449
PE,Ilian Tape,A,spotify:track:001AtqHBv2Pmnfkd4D1fDe,4044693784409,,DEOB61700308,Routine,Skee Mask,N/A,ISS002,2,0.0004383256575
FR,Ilian Tape,P,spotify:track:001AtqHBv2Pmnfkd4D1fDe,4044693784409,,DEOB61700308,Routine,Skee Mask,N/A,ISS002,208,1.2937621
GB,Ilian Tape,PDS,spotify:track:001AtqHBv2Pmnfkd4D1fDe,4044693784409,,DEOB61700308,Routine,Skee Mask,N/A,ISS002,509,1.539019781
MX,Ilian Tape,P,spotify:track:001AtqHBv2Pmnfkd4D1fDe,4044693784409,,DEOB61700308,Routine,Skee Mask,N/A,ISS002,28,0.07555833551
CH,Ilian Tape,A,spotify:track:001AtqHBv2Pmnfkd4D1fDe,4044693784409,,DEOB61700308,Routine,Skee Mask,N/A,ISS002,10,0.004003747021
EE,Ilian Tape,TEESA,spotify:track:001AtqHBv2Pmnfkd4D1fDe,4044693784409,,DEOB61700308,Routine,Skee Mask,N/A,ISS002,3,0.01637826702
GB,Ilian Tape,PDLE,spotify:track:001AtqHBv2Pmnfkd4D1fDe,4044693784409,,DEOB61700308,Routine,Skee Mask,N/A,ISS002,11,0.0406853364
SK,Ilian Tape,FAM6,spotify:track:001AtqHBv2Pmnfkd4D1fDe,4044693784409,,DEOB61700308,Routine,Skee Mask,N/A,ISS002,22,0.037504435
IT,Ilian Tape,A,spotify:track:001AtqHBv2Pmnfkd4D1fDe,4044693784409,,DEOB61700308,Routine,Skee Mask,N/A,ISS002,89,0.04639539103
IE,Ilian Tape,A,spotify:track:001AtqHBv2Pmnfkd4D1fDe,4044693784409,,DEOB61700308,Routine,Skee Mask,N/A,ISS002,24,0.01565130064
FI,Ilian Tape,TSA,spotify:track:001AtqHBv2Pmnfkd4D1fDe,4044693784409,,DEOB61700308,Routine,Skee Mask,N/A,ISS002,12,0.1031638081
TW,Ilian Tape,P,spotify:track:001AtqHBv2Pmnfkd4D1fDe,4044693784409,,DEOB61700308,Routine,Skee Mask,N/A,ISS002,18,0.05341702871
ES,Ilian Tape,TFSA,spotify:track:001AtqHBv2Pmnfkd4D1fDe,4044693784409,,DEOB61700308,Routine,Skee Mask,N/A,ISS002,12,0.07935861908
US,Ilian Tape,PDLS12,spotify:track:001AtqHBv2Pmnfkd4D1fDe,4044693784409,,DEOB61700308,Routine,Skee Mask,N/A,ISS002,8,0.04322973615
ID,Ilian Tape,FAM6,spotify:track:001AtqHBv2Pmnfkd4D1fDe,4044693784409,,DEOB61700308,Routine,Skee Mask,N/A,ISS002,3,0.003023804464
US,Ilian Tape,PDS,spotify:track:001AtqHBv2Pmnfkd4D1fDe,4044693784409,,DEOB61700308,Routine,Skee Mask,N/A,ISS002,164,0.4110429181
IT,Ilian Tape,VFSA,spotify:track:001AtqHBv2Pmnfkd4D1fDe,4044693784409,,DEOB61700308,Routine,Skee Mask,N/A,ISS002,1,0.0085406299
CA,Ilian Tape,ROG-SWA,spotify:track:001AtqHBv2Pmnfkd4D1fDe,4044693784409,,DEOB61700308,Routine,Skee Mask,N/A,ISS002,20,0.09027158602
CZ,Ilian Tape,FAM6,spotify:track:001AtqHBv2Pmnfkd4D1fDe,4044693784409,,DEOB61700308,Routine,Skee Mask,N/A,ISS002,44,0.08333021117
CR,Ilian Tape,P,spotify:track:001AtqHBv2Pmnfkd4D1fDe,4044693784409,,DEOB61700308,Routine,Skee Mask,N/A,ISS002,1,0.003996904736
CZ,Ilian Tape,A,spotify:track:001AtqHBv2Pmnfkd4D1fDe,4044693784409,,DEOB61700308,Routine,Skee Mask,N/A,ISS002,6,0.004745951284
IE,Ilian Tape,VFHB-V2,spotify:track:001AtqHBv2Pmnfkd4D1fDe,4044693784409,,DEOB61700308,Routine,Skee Mask,N/A,ISS002,15,0.1433931676
LV,Ilian Tape,FAM6,spotify:track:001AtqHBv2Pmnfkd4D1fDe,4044693784409,,DEOB61700308,Routine,Skee Mask,N/A,ISS002,7,0.01184717456
US,Ilian Tape,A,spotify:track:001AtqHBv2Pmnfkd4D1fDe,4044693784409,,DEOB61700308,Routine,Skee Mask,N/A,ISS002,214,0.4234714845
SG,Ilian Tape,PDIB,spotify:track:001AtqHBv2Pmnfkd4D1fDe,4044693784409,,DEOB61700308,Routine,Skee Mask,N/A,ISS002,1,0.004060679406
FR,Ilian Tape,PDS,spotify:track:001AtqHBv2Pmnfkd4D1fDe,4044693784409,,DEOB61700308,Routine,Skee Mask,N/A,ISS002,11,0.02727018801
DE,Ilian Tape,DT,spotify:track:001AtqHBv2Pmnfkd4D1fDe,4044693784409,,DEOB61700308,Routine,Skee Mask,N/A,ISS002,4,0.02315577295
CA,Ilian Tape,FIDO-SA,spotify:track:001AtqHBv2Pmnfkd4D1fDe,4044693784409,,DEOB61700308,Routine,Skee Mask,N/A,ISS002,1,0.005152689571
AT,Ilian Tape,P,spotify:track:001AtqHBv2Pmnfkd4D1fDe,4044693784409,,DEOB61700308,Routine,Skee Mask,N/A,ISS002,5,0.03376265096
BG,Ilian Tape,A,spotify:track:001AtqHBv2Pmnfkd4D1fDe,4044693784409,,DEOB61700308,Routine,Skee Mask,N/A,ISS002,1,0.0007376317018
GB,Ilian Tape,PDLS12,spotify:track:001AtqHBv2Pmnfkd4D1fDe,4044693784409,,DEOB61700308,Routine,Skee Mask,N/A,ISS002,1,0.006209007739
PH,Ilian Tape,FAM6,spotify:track:001AtqHBv2Pmnfkd4D1fDe,4044693784409,,DEOB61700308,Routine,Skee Mask,N/A,ISS002,9,0.006325339144
DK,Ilian Tape,A,spotify:track:001AtqHBv2Pmnfkd4D1fDe,4044693784409,,DEOB61700308,Routine,Skee Mask,N/A,ISS002,4,0.002194604896
PL,Ilian Tape,PDIB,spotify:track:001AtqHBv2Pmnfkd4D1fDe,4044693784409,,DEOB61700308,Routine,Skee Mask,N/A,ISS002,2,0.007352669708
AU,Ilian Tape,PDSNEI,spotify:track:001AtqHBv2Pmnfkd4D1fDe,4044693784409,,DEOB61700308,Routine,Skee Mask,N/A,ISS002,4,0.02742432626
BG,Ilian Tape,FAM6,spotify:track:001AtqHBv2Pmnfkd4D1fDe,4044693784409,,DEOB61700308,Routine,Skee Mask,N/A,ISS002,14,0.02416214302
FI,Ilian Tape,SYBSMB349,spotify:track:001AtqHBv2Pmnfkd4D1fDe,4044693784409,,DEOB61700308,Routine,Skee Mask,N/A,ISS002,1,0.004558311132
PT,Ilian Tape,VFSAWY,spotify:track:001AtqHBv2Pmnfkd4D1fDe,4044693784409,,DEOB61700308,Routine,Skee Mask,N/A,ISS002,2,0.01962190641
SK,Ilian Tape,A,spotify:track:001AtqHBv2Pmnfkd4D1fDe,4044693784409,,DEOB61700308,Routine,Skee Mask,N/A,ISS002,10,0.00997067537
SE,Ilian Tape,A,spotify:track:001AtqHBv2Pmnfkd4D1fDe,4044693784409,,DEOB61700308,Routine,Skee Mask,N/A,ISS002,27,0.02643277554
CL,Ilian Tape,A,spotify:track:001AtqHBv2Pmnfkd4D1fDe,4044693784409,,DEOB61700308,Routine,Skee Mask,N/A,ISS002,4,0.0005007171931
EE,Ilian Tape,FAM6,spotify:track:001AtqHBv2Pmnfkd4D1fDe,4044693784409,,DEOB61700308,Routine,Skee Mask,N/A,ISS002,25,0.05834143294
GR,Ilian Tape,PDS,spotify:track:001AtqHBv2Pmnfkd4D1fDe,4044693784409,,DEOB61700308,Routine,Skee Mask,N/A,ISS002,2,0.004177411697
CH,Ilian Tape,PDS,spotify:track:001AtqHBv2Pmnfkd4D1fDe,4044693784409,,DEOB61700308,Routine,Skee Mask,N/A,ISS002,14,0.04356983062
NZ,Ilian Tape,TCOMHB1,spotify:track:001AtqHBv2Pmnfkd4D1fDe,4044693784409,,DEOB61700308,Routine,Skee Mask,N/A,ISS002,1,0.005720765697
PL,Ilian Tape,A,spotify:track:001AtqHBv2Pmnfkd4D1fDe,4044693784409,,DEOB61700308,Routine,Skee Mask,N/A,ISS002,41,0.02410406627
PY,Ilian Tape,P,spotify:track:001AtqHBv2Pmnfkd4D1fDe,4044693784409,,DEOB61700308,Routine,Skee Mask,N/A,ISS002,1,0.004248640713
PL,Ilian Tape,PDS,spotify:track:001AtqHBv2Pmnfkd4D1fDe,4044693784409,,DEOB61700308,Routine,Skee Mask,N/A,ISS002,16,0.02031597681
DE,Ilian Tape,U,spotify:track:001AtqHBv2Pmnfkd4D1fDe,4044693784409,,DEOB61700308,Routine,Skee Mask,N/A,ISS002,4,0.01760842686
PT,Ilian Tape,P,spotify:track:001AtqHBv2Pmnfkd4D1fDe,4044693784409,,DEOB61700308,Routine,Skee Mask,N/A,ISS002,5,0.0225132679
AR,Ilian Tape,PERSONAL-SA,spotify:track:001AtqHBv2Pmnfkd4D1fDe,4044693784409,,DEOB61700308,Routine,Skee Mask,N/A,ISS002,2,0.005842945313
CH,Ilian Tape,P,spotify:track:001AtqHBv2Pmnfkd4D1fDe,4044693784409,,DEOB61700308,Routine,Skee Mask,N/A,ISS002,36,0.3013790364
JP,Ilian Tape,A,spotify:track:001AtqHBv2Pmnfkd4D1fDe,4044693784409,,DEOB61700308,Routine,Skee Mask,N/A,ISS002,23,0.004798008102
AT,Ilian Tape,DRATSA,spotify:track:001AtqHBv2Pmnfkd4D1fDe,4044693784409,,DEOB61700308,Routine,Skee Mask,N/A,ISS002,4,0.0251779242
CA,Ilian Tape,ROGERS-SA,spotify:track:001AtqHBv2Pmnfkd4D1fDe,4044693784409,,DEOB61700308,Routine,Skee Mask,N/A,ISS002,2,0.01142262854
FI,Ilian Tape,A,spotify:track:001AtqHBv2Pmnfkd4D1fDe,4044693784409,,DEOB61700308,Routine,Skee Mask,N/A,ISS002,12,0.008521050556
IS,Ilian Tape,P,spotify:track:001AtqHBv2Pmnfkd4D1fDe,4044693784409,,DEOB61700308,Routine,Skee Mask,N/A,ISS002,37,0.3020702915
LU,Ilian Tape,POST-SA,spotify:track:001AtqHBv2Pmnfkd4D1fDe,4044693784409,,DEOB61700308,Routine,Skee Mask,N/A,ISS002,1,0.01054606101
SE,Ilian Tape,U,spotify:track:001AtqHBv2Pmnfkd4D1fDe,4044693784409,,DEOB61700308,Routine,Skee Mask,N/A,ISS002,1,0.004814312486
NL,Ilian Tape,PDS,spotify:track:001AtqHBv2Pmnfkd4D1fDe,4044693784409,,DEOB61700308,Routine,Skee Mask,N/A,ISS002,3,0.007274569954
AU,Ilian Tape,PDS,spotify:track:001AtqHBv2Pmnfkd4D1fDe,4044693784409,,DEOB61700308,Routine,Skee Mask,N/A,ISS002,45,0.09822059205
IE,Ilian Tape,VFSA,spotify:track:001AtqHBv2Pmnfkd4D1fDe,4044693784409,,DEOB61700308,Routine,Skee Mask,N/A,ISS002,2,0.02271570472
FR,Ilian Tape,U,spotify:track:001AtqHBv2Pmnfkd4D1fDe,4044693784409,,DEOB61700308,Routine,Skee Mask,N/A,ISS002,15,0.06064594402
LV,Ilian Tape,P,spotify:track:001AtqHBv2Pmnfkd4D1fDe,4044693784409,,DEOB61700308,Routine,Skee Mask,N/A,ISS002,14,0.05319740817
IS,Ilian Tape,FAM6,spotify:track:001AtqHBv2Pmnfkd4D1fDe,4044693784409,,DEOB61700308,Routine,Skee Mask,N/A,ISS002,7,0.03434306507
TW,Ilian Tape,FAM6,spotify:track:001AtqHBv2Pmnfkd4D1fDe,4044693784409,,DEOB61700308,Routine,Skee Mask,N/A,ISS002,1,0.001321601677
FI,Ilian Tape,FAM6,spotify:track:001AtqHBv2Pmnfkd4D1fDe,4044693784409,,DEOB61700308,Routine,Skee Mask,N/A,ISS002,57,0.2764954666
SE,Ilian Tape,PDLS12,spotify:track:001AtqHBv2Pmnfkd4D1fDe,4044693784409,,DEOB61700308,Routine,Skee Mask,N/A,ISS002,5,0.0243338781
FI,Ilian Tape,U,spotify:track:001AtqHBv2Pmnfkd4D1fDe,4044693784409,,DEOB61700308,Routine,Skee Mask,N/A,ISS002,3,0.01463816853
NO,Ilian Tape,SYBSMB349,spotify:track:001AtqHBv2Pmnfkd4D1fDe,4044693784409,,DEOB61700308,Routine,Skee Mask,N/A,ISS002,3,0.01154577203
NZ,Ilian Tape,TCOM2SB,spotify:track:001AtqHBv2Pmnfkd4D1fDe,4044693784409,,DEOB61700308,Routine,Skee Mask,N/A,ISS002,9,0.06474021714
PL,Ilian Tape,FAM6,spotify:track:001AtqHBv2Pmnfkd4D1fDe,4044693784409,,DEOB61700308,Routine,Skee Mask,N/A,ISS002,141,0.2121326835
SE,Ilian Tape,PDSNEI,spotify:track:001AtqHBv2Pmnfkd4D1fDe,4044693784409,,DEOB61700308,Routine,Skee Mask,N/A,ISS002,1,0.007817002041
GB,Ilian Tape,FAM6,spotify:track:001AtqHBv2Pmnfkd4D1fDe,4044693784409,,DEOB61700308,Routine,Skee Mask,N/A,ISS002,778,3.586076263
HU,Ilian Tape,A,spotify:track:001AtqHBv2Pmnfkd4D1fDe,4044693784409,,DEOB61700308,Routine,Skee Mask,N/A,ISS002,4,0.00417999177
CA,Ilian Tape,ROGERS-ET,spotify:track:001AtqHBv2Pmnfkd4D1fDe,4044693784409,,DEOB61700308,Routine,Skee Mask,N/A,ISS002,3,0.01218681581
CA,Ilian Tape,PDSNEI,spotify:track:001AtqHBv2Pmnfkd4D1fDe,4044693784409,,DEOB61700308,Routine,Skee Mask,N/A,ISS002,1,0.004716922016
FR,Ilian Tape,FAM6,spotify:track:001AtqHBv2Pmnfkd4D1fDe,4044693784409,,DEOB61700308,Routine,Skee Mask,N/A,ISS002,133,0.457934137
HK,Ilian Tape,FAM6,spotify:track:001AtqHBv2Pmnfkd4D1fDe,4044693784409,,DEOB61700308,Routine,Skee Mask,N/A,ISS002,15,0.0370594235
BR,Ilian Tape,PDS,spotify:track:001AtqHBv2Pmnfkd4D1fDe,4044693784409,,DEOB61700308,Routine,Skee Mask,N/A,ISS002,4,0.006939855365
ID,Ilian Tape,A,spotify:track:001AtqHBv2Pmnfkd4D1fDe,4044693784409,,DEOB61700308,Routine,Skee Mask,N/A,ISS002,3,0.000201626173
CA,Ilian Tape,FIDO-SB,spotify:track:001AtqHBv2Pmnfkd4D1fDe,4044693784409,,DEOB61700308,Routine,Skee Mask,N/A,ISS002,29,0.1913417681
GB,Ilian Tape,VFHB,spotify:track:001AtqHBv2Pmnfkd4D1fDe,4044693784409,,DEOB61700308,Routine,Skee Mask,N/A,ISS002,105,0.8482111974
LT,Ilian Tape,A,spotify:track:001AtqHBv2Pmnfkd4D1fDe,4044693784409,,DEOB61700308,Routine,Skee Mask,N/A,ISS002,8,0.0006210403013
LV,Ilian Tape,A,spotify:track:001AtqHBv2Pmnfkd4D1fDe,4044693784409,,DEOB61700308,Routine,Skee Mask,N/A,ISS002,11,0.000402935421
TR,Ilian Tape,A,spotify:track:001AtqHBv2Pmnfkd4D1fDe,4044693784409,,DEOB61700308,Routine,Skee Mask,N/A,ISS002,2,0.000823775709
SE,Ilian Tape,TSBRN,spotify:track:001AtqHBv2Pmnfkd4D1fDe,4044693784409,,DEOB61700308,Routine,Skee Mask,N/A,ISS002,2,0.01684364125
NL,Ilian Tape,KPB,spotify:track:001AtqHBv2Pmnfkd4D1fDe,4044693784409,,DEOB61700308,Routine,Skee Mask,N/A,ISS002,31,0.2320504671
US,Ilian Tape,PDSE,spotify:track:001AtqHBv2Pmnfkd4D1fDe,4044693784409,,DEOB61700308,Routine,Skee Mask,N/A,ISS002,4,0.01330732584
CH,Ilian Tape,FAM6,spotify:track:001AtqHBv2Pmnfkd4D1fDe,4044693784409,,DEOB61700308,Routine,Skee Mask,N/A,ISS002,36,0.153382288
NO,Ilian Tape,A,spotify:track:001AtqHBv2Pmnfkd4D1fDe,4044693784409,,DEOB61700308,Routine,Skee Mask,N/A,ISS002,3,0.001355836581
AU,Ilian Tape,PDIB,spotify:track:001AtqHBv2Pmnfkd4D1fDe,4044693784409,,DEOB61700308,Routine,Skee Mask,N/A,ISS002,8,0.0386862095
EE,Ilian Tape,P,spotify:track:001AtqHBv2Pmnfkd4D1fDe,4044693784409,,DEOB61700308,Routine,Skee Mask,N/A,ISS002,54,0.2531046543
MX,Ilian Tape,A,spotify:track:001AtqHBv2Pmnfkd4D1fDe,4044693784409,,DEOB61700308,Routine,Skee Mask,N/A,ISS002,19,0.008888661053
NL,Ilian Tape,KHB,spotify:track:001AtqHBv2Pmnfkd4D1fDe,4044693784409,,DEOB61700308,Routine,Skee Mask,N/A,ISS002,66,0.3118822177
PT,Ilian Tape,A,spotify:track:001AtqHBv2Pmnfkd4D1fDe,4044693784409,,DEOB61700308,Routine,Skee Mask,N/A,ISS002,21,0.005356249427
PL,Ilian Tape,U,spotify:track:001AtqHBv2Pmnfkd4D1fDe,4044693784409,,DEOB61700308,Routine,Skee Mask,N/A,ISS002,1,0.001339725671
US,Ilian Tape,PDSNEI,spotify:track:001AtqHBv2Pmnfkd4D1fDe,4044693784409,,DEOB61700308,Routine,Skee Mask,N/A,ISS002,2,0.01299915431
CY,Ilian Tape,P,spotify:track:001AtqHBv2Pmnfkd4D1fDe,4044693784409,,DEOB61700308,Routine,Skee Mask,N/A,ISS002,5,0.02298427089
HU,Ilian Tape,DTHUHB,spotify:track:001AtqHBv2Pmnfkd4D1fDe,4044693784409,,DEOB61700308,Routine,Skee Mask,N/A,ISS002,1,0.005047915139
HK,Ilian Tape,A,spotify:track:001AtqHBv2Pmnfkd4D1fDe,4044693784409,,DEOB61700308,Routine,Skee Mask,N/A,ISS002,6,0.002484895917
ID,Ilian Tape,PDLS6,spotify:track:001AtqHBv2Pmnfkd4D1fDe,4044693784409,,DEOB61700308,Routine,Skee Mask,N/A,ISS002,1,0.001832209537
IS,Ilian Tape,SSA,spotify:track:001AtqHBv2Pmnfkd4D1fDe,4044693784409,,DEOB61700308,Routine,Skee Mask,N/A,ISS002,4,0.03859652779
PT,Ilian Tape,PDS,spotify:track:001AtqHBv2Pmnfkd4D1fDe,4044693784409,,DEOB61700308,Routine,Skee Mask,N/A,ISS002,2,0.004042426608
SE,Ilian Tape,SYBSMB349,spotify:track:001AtqHBv2Pmnfkd4D1fDe,4044693784409,,DEOB61700308,Routine,Skee Mask,N/A,ISS002,8,0.03091945262
DK,Ilian Tape,FAM6,spotify:track:001AtqHBv2Pmnfkd4D1fDe,4044693784409,,DEOB61700308,Routine,Skee Mask,N/A,ISS002,38,0.1749351099
HK,Ilian Tape,P,spotify:track:001AtqHBv2Pmnfkd4D1fDe,4044693784409,,DEOB61700308,Routine,Skee Mask,N/A,ISS002,5,0.02426523347
TR,Ilian Tape,FAM6,spotify:track:001AtqHBv2Pmnfkd4D1fDe,4044693784409,,DEOB61700308,Routine,Skee Mask,N/A,ISS002,17,0.0183745243
DK,Ilian Tape,TDK2SA,spotify:track:001AtqHBv2Pmnfkd4D1fDe,4044693784409,,DEOB61700308,Routine,Skee Mask,N/A,ISS002,2,0.02011875042
LV,Ilian Tape,TLVSA,spotify:track:001AtqHBv2Pmnfkd4D1fDe,4044693784409,,DEOB61700308,Routine,Skee Mask,N/A,ISS002,3,0.01313420485
CA,Ilian Tape,PDS,spotify:track:001AtqHBv2Pmnfkd4D1fDe,4044693784409,,DEOB61700308,Routine,Skee Mask,N/A,ISS002,10,0.0178674253
NZ,Ilian Tape,FAM6,spotify:track:001AtqHBv2Pmnfkd4D1fDe,4044693784409,,DEOB61700308,Routine,Skee Mask,N/A,ISS002,8,0.02566917452
PH,Ilian Tape,P,spotify:track:001AtqHBv2Pmnfkd4D1fDe,4044693784409,,DEOB61700308,Routine,Skee Mask,N/A,ISS002,43,0.09252368042
ES,Ilian Tape,PDS,spotify:track:001AtqHBv2Pmnfkd4D1fDe,4044693784409,,DEOB61700308,Routine,Skee Mask,N/A,ISS002,11,0.02954362341
HN,Ilian Tape,A,spotify:track:001AtqHBv2Pmnfkd4D1fDe,4044693784409,,DEOB61700308,Routine,Skee Mask,N/A,ISS002,2,0.000004728602418